classifiers,Accuracy Mid,MCC Mid,F1-score Mid,Predicted Normal / Actual  Normal Images,Predicted stagged / Actual  Stagged Images
knn,1.0,1.0,1.0,60/60,60/60
svm,1.0,1.0,1.0,60/60,60/60
dt,0.9747899159663865,0.950697339343328,0.9747577898416003,60/60,57/60
rf,1.0,1.0,1.0,60/60,60/60
mlp,1.0,1.0,1.0,60/60,60/60
stack,1.0,1.0,1.0,60/60,60/60
