classifiers,Accuracy Mid,MCC Mid,F1-score Mid,Predicted Normal / Actual  Normal Images,Predicted stagged / Actual  Stagged Images
knn,0.9914529914529915,0.9830508474576272,0.9914529914529915,58/59,58/58
svm_linear,0.8547008547008547,0.7095265926358855,0.8547008547008546,50/59,50/58
dt,1.0,1.0,1.0,59/59,58/58
rf,1.0,1.0,1.0,59/59,58/58
mlp,1.0,1.0,1.0,59/59,58/58
stack,0.9914529914529915,0.9830508474576272,0.9914529914529915,58/59,58/58
