classifiers,Accuracy Large,MCC Large,F1-score Large,Predicted Normal / Actual  Normal Images,Predicted stagged / Actual  Stagged Images
knn,0.8290598290598291,0.6834827735050947,0.825589998724327,57/59,40/58
svm_linear,0.7435897435897436,0.49515797038973514,0.7418939085605751,39/59,48/58
dt,0.9230769230769231,0.8493588647916014,0.9229644048630372,52/59,56/58
rf,0.9487179487179487,0.8994763133352052,0.9486428871674774,58/59,53/58
mlp,1.0,1.0,1.0,59/59,58/58
stack,1.0,1.0,1.0,59/59,58/58
