classifiers,Accuracy Large,MCC Large,F1-score Large,Predicted Normal / Actual  Normal Images,Predicted stagged / Actual  Stagged Images
knn,0.9915966386554622,0.9833286631611973,0.9915978258224247,60/61,58/58
svm_linear,0.9915966386554622,0.9833286631611973,0.9915978258224247,60/61,58/58
dt,1.0,1.0,1.0,61/61,58/58
rf,1.0,1.0,1.0,61/61,58/58
mlp,0.9915966386554622,0.9833286631611973,0.9915978258224247,60/61,58/58
stack,0.9915966386554622,0.9833286631611973,0.9915978258224247,60/61,58/58
